flight_id,flight_no,departure_city,departure_airport,arrival_city,arrival_airport,departure_airport_longitude,departure_airport_latitude,arrival_airport_longitude,arrival_airport_latitude,status,scheduled_departure,scheduled_arrival,actual_departure,actual_arrival,scheduled_flight_duration,actual_flight_duration,aircraft_code,aircraft_model,fuel_consumption_per_minute,fuel_cost,all_seats_total_cnt,sold_tickets_total_cnt,economy_seats_cnt,sold_economy_tickets_cnt,business_seats_cnt,sold_business_tickets_cnt,total_tickets_revenue,economy_tickets_revenue,business_tickets_revenue
136119,PG0252,Anapa,AAQ,Moscow,SVO,37.347301483154,45.002101898193,37.4146,55.972599,Arrived,2017-01-03T10:05:00Z,2017-01-03T11:45:00Z,2017-01-03T10:08:00Z,2017-01-03T11:49:00Z,100.0,101.0,733,Boeing 737-300,40.0000000000000000,41.4350000000000000,130,113,118,102,12,11,1653000.00,1250400.00,402600.00
136120,PG0252,Anapa,AAQ,Moscow,SVO,37.347301483154,45.002101898193,37.4146,55.972599,Arrived,2017-02-24T10:05:00Z,2017-02-24T11:45:00Z,2017-02-24T10:07:00Z,2017-02-24T11:46:00Z,100.0,99.0,733,Boeing 737-300,40.0000000000000000,39.5530000000000000,130,109,118,98,12,11,1605400.00,1202800.00,402600.00
136122,PG0252,Anapa,AAQ,Moscow,SVO,37.347301483154,45.002101898193,37.4146,55.972599,Arrived,2017-01-08T10:05:00Z,2017-01-08T11:45:00Z,2017-01-08T10:08:00Z,2017-01-08T11:48:00Z,100.0,100.0,733,Boeing 737-300,40.0000000000000000,41.4350000000000000,130,97,118,87,12,10,1431000.00,1065000.00,366000.00
136130,PG0252,Anapa,AAQ,Moscow,SVO,37.347301483154,45.002101898193,37.4146,55.972599,Arrived,2017-02-13T10:05:00Z,2017-02-13T11:45:00Z,2017-02-13T10:07:00Z,2017-02-13T11:46:00Z,100.0,99.0,733,Boeing 737-300,40.0000000000000000,39.5530000000000000,130,107,118,97,12,10,1556600.00,1190600.00,366000.00
136131,PG0252,Anapa,AAQ,Moscow,SVO,37.347301483154,45.002101898193,37.4146,55.972599,Arrived,2017-01-28T10:05:00Z,2017-01-28T11:45:00Z,2017-01-28T10:07:00Z,2017-01-28T11:46:00Z,100.0,99.0,733,Boeing 737-300,40.0000000000000000,41.4350000000000000,130,124,118,112,12,12,1812800.00,1373600.00,439200.00
136132,PG0252,Anapa,AAQ,Moscow,SVO,37.347301483154,45.002101898193,37.4146,55.972599,Arrived,2017-02-15T10:05:00Z,2017-02-15T11:45:00Z,2017-02-15T10:09:00Z,2017-02-15T11:48:00Z,100.0,99.0,733,Boeing 737-300,40.0000000000000000,39.5530000000000000,130,116,118,104,12,12,1714000.00,1274800.00,439200.00
136135,PG0252,Anapa,AAQ,Moscow,SVO,37.347301483154,45.002101898193,37.4146,55.972599,Arrived,2017-02-01T10:05:00Z,2017-02-01T11:45:00Z,2017-02-01T10:08:00Z,2017-02-01T11:48:00Z,100.0,100.0,733,Boeing 737-300,40.0000000000000000,39.5530000000000000,130,115,118,104,12,11,1678600.00,1276000.00,402600.00
136141,PG0252,Anapa,AAQ,Moscow,SVO,37.347301483154,45.002101898193,37.4146,55.972599,Arrived,2016-12-12T10:05:00Z,2016-12-12T11:45:00Z,2016-12-12T10:08:00Z,2016-12-12T11:50:00Z,100.0,102.0,733,Boeing 737-300,40.0000000000000000,38.8670000000000000,130,109,118,98,12,11,1603000.00,1200400.00,402600.00
136143,PG0252,Anapa,AAQ,Moscow,SVO,37.347301483154,45.002101898193,37.4146,55.972599,Arrived,2016-12-14T10:05:00Z,2016-12-14T11:45:00Z,2016-12-14T10:06:00Z,2016-12-14T11:46:00Z,100.0,100.0,733,Boeing 737-300,40.0000000000000000,38.8670000000000000,130,105,118,94,12,11,1554200.00,1151600.00,402600.00
136146,PG0252,Anapa,AAQ,Moscow,SVO,37.347301483154,45.002101898193,37.4146,55.972599,Arrived,2017-02-09T10:05:00Z,2017-02-09T11:45:00Z,2017-02-09T10:08:00Z,2017-02-09T11:48:00Z,100.0,100.0,733,Boeing 737-300,40.0000000000000000,39.5530000000000000,130,109,118,98,12,11,1604200.00,1201600.00,402600.00
136159,PG0252,Anapa,AAQ,Moscow,SVO,37.347301483154,45.002101898193,37.4146,55.972599,Arrived,2017-01-04T10:05:00Z,2017-01-04T11:45:00Z,2017-01-04T10:07:00Z,2017-01-04T11:45:00Z,100.0,98.0,733,Boeing 737-300,40.0000000000000000,41.4350000000000000,130,115,118,103,12,12,1700600.00,1261400.00,439200.00
136164,PG0252,Anapa,AAQ,Moscow,SVO,37.347301483154,45.002101898193,37.4146,55.972599,Arrived,2017-01-07T10:05:00Z,2017-01-07T11:45:00Z,2017-01-07T10:07:00Z,2017-01-07T11:46:00Z,100.0,99.0,733,Boeing 737-300,40.0000000000000000,41.4350000000000000,130,120,118,109,12,11,1738400.00,1335800.00,402600.00
136165,PG0252,Anapa,AAQ,Moscow,SVO,37.347301483154,45.002101898193,37.4146,55.972599,Arrived,2017-02-22T10:05:00Z,2017-02-22T11:45:00Z,2017-02-22T10:11:00Z,2017-02-22T11:52:00Z,100.0,101.0,733,Boeing 737-300,40.0000000000000000,39.5530000000000000,130,110,118,101,12,9,1567600.00,1238200.00,329400.00
136172,PG0252,Anapa,AAQ,Moscow,SVO,37.347301483154,45.002101898193,37.4146,55.972599,Arrived,2017-01-15T10:05:00Z,2017-01-15T11:45:00Z,2017-01-15T10:05:00Z,2017-01-15T11:44:00Z,100.0,99.0,733,Boeing 737-300,40.0000000000000000,41.4350000000000000,130,110,118,99,12,11,1617600.00,1215000.00,402600.00
136178,PG0252,Anapa,AAQ,Moscow,SVO,37.347301483154,45.002101898193,37.4146,55.972599,Arrived,2017-01-29T10:05:00Z,2017-01-29T11:45:00Z,2017-01-29T10:10:00Z,2017-01-29T11:49:00Z,100.0,99.0,733,Boeing 737-300,40.0000000000000000,41.4350000000000000,130,99,118,90,12,9,1434600.00,1105200.00,329400.00
136181,PG0252,Anapa,AAQ,Moscow,SVO,37.347301483154,45.002101898193,37.4146,55.972599,Arrived,2017-01-31T10:05:00Z,2017-01-31T11:45:00Z,2017-01-31T10:05:00Z,2017-01-31T11:44:00Z,100.0,99.0,733,Boeing 737-300,40.0000000000000000,41.4350000000000000,130,118,118,108,12,10,1689600.00,1323600.00,366000.00
136185,PG0252,Anapa,AAQ,Moscow,SVO,37.347301483154,45.002101898193,37.4146,55.972599,Arrived,2017-01-14T10:05:00Z,2017-01-14T11:45:00Z,2017-01-14T10:06:00Z,2017-01-14T11:49:00Z,100.0,103.0,733,Boeing 737-300,40.0000000000000000,41.4350000000000000,130,104,118,94,12,10,1520000.00,1154000.00,366000.00
136187,PG0252,Anapa,AAQ,Moscow,SVO,37.347301483154,45.002101898193,37.4146,55.972599,Arrived,2016-12-01T10:05:00Z,2016-12-01T11:45:00Z,2016-12-01T10:09:00Z,2016-12-01T11:49:00Z,100.0,100.0,733,Boeing 737-300,40.0000000000000000,38.8670000000000000,130,129,118,117,12,12,1873800.00,1434600.00,439200.00
136202,PG0252,Anapa,AAQ,Moscow,SVO,37.347301483154,45.002101898193,37.4146,55.972599,Arrived,2017-01-05T10:05:00Z,2017-01-05T11:45:00Z,2017-01-05T10:07:00Z,2017-01-05T11:49:00Z,100.0,102.0,733,Boeing 737-300,40.0000000000000000,41.4350000000000000,130,100,118,89,12,11,1495600.00,1093000.00,402600.00
136204,PG0252,Anapa,AAQ,Moscow,SVO,37.347301483154,45.002101898193,37.4146,55.972599,Arrived,2017-02-23T10:05:00Z,2017-02-23T11:45:00Z,2017-02-23T10:06:00Z,2017-02-23T11:46:00Z,100.0,100.0,733,Boeing 737-300,40.0000000000000000,39.5530000000000000,130,107,118,101,12,6,1457800.00,1238200.00,219600.00
136207,PG0252,Anapa,AAQ,Moscow,SVO,37.347301483154,45.002101898193,37.4146,55.972599,Arrived,2016-12-27T10:05:00Z,2016-12-27T11:45:00Z,2016-12-27T10:07:00Z,2016-12-27T11:48:00Z,100.0,101.0,733,Boeing 737-300,40.0000000000000000,38.8670000000000000,130,110,118,101,12,9,1567600.00,1238200.00,329400.00
136209,PG0252,Anapa,AAQ,Moscow,SVO,37.347301483154,45.002101898193,37.4146,55.972599,Arrived,2017-01-06T10:05:00Z,2017-01-06T11:45:00Z,2017-01-06T10:09:00Z,2017-01-06T11:49:00Z,100.0,100.0,733,Boeing 737-300,40.0000000000000000,41.4350000000000000,130,112,118,102,12,10,1615200.00,1249200.00,366000.00
136210,PG0252,Anapa,AAQ,Moscow,SVO,37.347301483154,45.002101898193,37.4146,55.972599,Arrived,2016-12-21T10:05:00Z,2016-12-21T11:45:00Z,2016-12-21T10:08:00Z,2016-12-21T11:48:00Z,100.0,100.0,733,Boeing 737-300,40.0000000000000000,38.8670000000000000,130,118,118,107,12,11,1711600.00,1309000.00,402600.00
136215,PG0252,Anapa,AAQ,Moscow,SVO,37.347301483154,45.002101898193,37.4146,55.972599,Arrived,2017-02-28T10:05:00Z,2017-02-28T11:45:00Z,2017-02-28T10:09:00Z,2017-02-28T11:49:00Z,100.0,100.0,733,Boeing 737-300,40.0000000000000000,39.5530000000000000,130,114,118,103,12,11,1664000.00,1261400.00,402600.00
136223,PG0252,Anapa,AAQ,Moscow,SVO,37.347301483154,45.002101898193,37.4146,55.972599,Arrived,2016-12-13T10:05:00Z,2016-12-13T11:45:00Z,2016-12-13T10:06:00Z,2016-12-13T11:47:00Z,100.0,101.0,733,Boeing 737-300,40.0000000000000000,38.8670000000000000,130,121,118,110,12,11,1751800.00,1349200.00,402600.00
136226,PG0252,Anapa,AAQ,Moscow,SVO,37.347301483154,45.002101898193,37.4146,55.972599,Arrived,2017-01-30T10:05:00Z,2017-01-30T11:45:00Z,2017-01-30T10:08:00Z,2017-01-30T11:48:00Z,100.0,100.0,733,Boeing 737-300,40.0000000000000000,41.4350000000000000,130,130,118,118,12,12,1886000.00,1446800.00,439200.00
136244,PG0252,Anapa,AAQ,Moscow,SVO,37.347301483154,45.002101898193,37.4146,55.972599,Arrived,2016-12-22T10:05:00Z,2016-12-22T11:45:00Z,2016-12-22T10:08:00Z,2016-12-22T11:47:00Z,100.0,99.0,733,Boeing 737-300,40.0000000000000000,38.8670000000000000,130,117,118,106,12,11,1703000.00,1300400.00,402600.00
136249,PG0252,Anapa,AAQ,Moscow,SVO,37.347301483154,45.002101898193,37.4146,55.972599,Arrived,2017-02-14T10:05:00Z,2017-02-14T11:45:00Z,2017-02-14T10:08:00Z,2017-02-14T11:46:00Z,100.0,98.0,733,Boeing 737-300,40.0000000000000000,39.5530000000000000,130,123,118,111,12,12,1800600.00,1361400.00,439200.00
136250,PG0252,Anapa,AAQ,Moscow,SVO,37.347301483154,45.002101898193,37.4146,55.972599,Arrived,2017-02-08T10:05:00Z,2017-02-08T11:45:00Z,2017-02-08T10:06:00Z,2017-02-08T11:47:00Z,100.0,101.0,733,Boeing 737-300,40.0000000000000000,39.5530000000000000,130,99,118,91,12,8,1407800.00,1115000.00,292800.00
136252,PG0252,Anapa,AAQ,Moscow,SVO,37.347301483154,45.002101898193,37.4146,55.972599,Arrived,2016-12-20T10:05:00Z,2016-12-20T11:45:00Z,2016-12-20T10:05:00Z,2016-12-20T11:46:00Z,100.0,101.0,733,Boeing 737-300,40.0000000000000000,38.8670000000000000,130,102,118,91,12,11,1517600.00,1115000.00,402600.00
136253,PG0252,Anapa,AAQ,Moscow,SVO,37.347301483154,45.002101898193,37.4146,55.972599,Arrived,2016-12-24T10:05:00Z,2016-12-24T11:45:00Z,2016-12-24T10:08:00Z,2016-12-24T11:46:00Z,100.0,98.0,733,Boeing 737-300,40.0000000000000000,38.8670000000000000,130,93,118,82,12,11,1407800.00,1005200.00,402600.00
136257,PG0252,Anapa,AAQ,Moscow,SVO,37.347301483154,45.002101898193,37.4146,55.972599,Arrived,2016-12-18T10:05:00Z,2016-12-18T11:45:00Z,2016-12-18T10:09:00Z,2016-12-18T11:49:00Z,100.0,100.0,733,Boeing 737-300,40.0000000000000000,38.8670000000000000,130,111,118,100,12,11,1628600.00,1226000.00,402600.00
136262,PG0252,Anapa,AAQ,Moscow,SVO,37.347301483154,45.002101898193,37.4146,55.972599,Arrived,2016-12-28T10:05:00Z,2016-12-28T11:45:00Z,2016-12-28T10:10:00Z,2016-12-28T11:49:00Z,100.0,99.0,733,Boeing 737-300,40.0000000000000000,38.8670000000000000,130,128,118,116,12,12,1861600.00,1422400.00,439200.00
136264,PG0252,Anapa,AAQ,Moscow,SVO,37.347301483154,45.002101898193,37.4146,55.972599,Arrived,2017-02-18T10:05:00Z,2017-02-18T11:45:00Z,2017-02-18T10:07:00Z,2017-02-18T11:47:00Z,100.0,100.0,733,Boeing 737-300,40.0000000000000000,39.5530000000000000,130,116,118,105,12,11,1690800.00,1288200.00,402600.00
136266,PG0252,Anapa,AAQ,Moscow,SVO,37.347301483154,45.002101898193,37.4146,55.972599,Arrived,2017-02-27T10:05:00Z,2017-02-27T11:45:00Z,2017-02-27T10:08:00Z,2017-02-27T11:48:00Z,100.0,100.0,733,Boeing 737-300,40.0000000000000000,39.5530000000000000,130,108,118,98,12,10,1566400.00,1200400.00,366000.00
136268,PG0252,Anapa,AAQ,Moscow,SVO,37.347301483154,45.002101898193,37.4146,55.972599,Arrived,2017-02-16T10:05:00Z,2017-02-16T11:45:00Z,2017-02-16T10:08:00Z,2017-02-16T11:49:00Z,100.0,101.0,733,Boeing 737-300,40.0000000000000000,39.5530000000000000,130,115,118,104,12,11,1676200.00,1273600.00,402600.00
136269,PG0252,Anapa,AAQ,Moscow,SVO,37.347301483154,45.002101898193,37.4146,55.972599,Arrived,2017-02-11T10:05:00Z,2017-02-11T11:45:00Z,2017-02-11T10:13:00Z,2017-02-11T11:53:00Z,100.0,100.0,733,Boeing 737-300,40.0000000000000000,39.5530000000000000,130,109,118,98,12,11,1605400.00,1202800.00,402600.00
136270,PG0252,Anapa,AAQ,Moscow,SVO,37.347301483154,45.002101898193,37.4146,55.972599,Arrived,2017-02-12T10:05:00Z,2017-02-12T11:45:00Z,2017-02-12T10:12:00Z,2017-02-12T11:51:00Z,100.0,99.0,733,Boeing 737-300,40.0000000000000000,39.5530000000000000,130,111,118,100,12,11,1628600.00,1226000.00,402600.00
136273,PG0252,Anapa,AAQ,Moscow,SVO,37.347301483154,45.002101898193,37.4146,55.972599,Arrived,2016-12-09T10:05:00Z,2016-12-09T11:45:00Z,2016-12-09T10:06:00Z,2016-12-09T11:45:00Z,100.0,99.0,733,Boeing 737-300,40.0000000000000000,38.8670000000000000,130,129,118,117,12,12,1873800.00,1434600.00,439200.00
136275,PG0252,Anapa,AAQ,Moscow,SVO,37.347301483154,45.002101898193,37.4146,55.972599,Arrived,2017-01-13T10:05:00Z,2017-01-13T11:45:00Z,2017-01-13T10:08:00Z,2017-01-13T11:46:00Z,100.0,98.0,733,Boeing 737-300,40.0000000000000000,41.4350000000000000,130,125,118,113,12,12,1825000.00,1385800.00,439200.00
136282,PG0252,Anapa,AAQ,Moscow,SVO,37.347301483154,45.002101898193,37.4146,55.972599,Arrived,2017-01-16T10:05:00Z,2017-01-16T11:45:00Z,2017-01-16T10:07:00Z,2017-01-16T11:48:00Z,100.0,101.0,733,Boeing 737-300,40.0000000000000000,41.4350000000000000,130,106,118,97,12,9,1518800.00,1189400.00,329400.00
136284,PG0252,Anapa,AAQ,Moscow,SVO,37.347301483154,45.002101898193,37.4146,55.972599,Arrived,2017-02-07T10:05:00Z,2017-02-07T11:45:00Z,2017-02-07T10:07:00Z,2017-02-07T11:48:00Z,100.0,101.0,733,Boeing 737-300,40.0000000000000000,39.5530000000000000,130,117,118,107,12,10,1677400.00,1311400.00,366000.00
136293,PG0252,Anapa,AAQ,Moscow,SVO,37.347301483154,45.002101898193,37.4146,55.972599,Arrived,2017-01-23T10:05:00Z,2017-01-23T11:45:00Z,2017-01-23T10:09:00Z,2017-01-23T11:48:00Z,100.0,99.0,733,Boeing 737-300,40.0000000000000000,41.4350000000000000,130,114,118,102,12,12,1689600.00,1250400.00,439200.00
136296,PG0252,Anapa,AAQ,Moscow,SVO,37.347301483154,45.002101898193,37.4146,55.972599,Arrived,2016-12-29T10:05:00Z,2016-12-29T11:45:00Z,2016-12-29T10:07:00Z,2016-12-29T11:46:00Z,100.0,99.0,733,Boeing 737-300,40.0000000000000000,38.8670000000000000,130,117,118,107,12,10,1678600.00,1312600.00,366000.00
136306,PG0252,Anapa,AAQ,Moscow,SVO,37.347301483154,45.002101898193,37.4146,55.972599,Arrived,2016-12-04T10:05:00Z,2016-12-04T11:45:00Z,2016-12-04T10:10:00Z,2016-12-04T11:50:00Z,100.0,100.0,733,Boeing 737-300,40.0000000000000000,38.8670000000000000,130,102,118,94,12,8,1443200.00,1150400.00,292800.00
136310,PG0252,Anapa,AAQ,Moscow,SVO,37.347301483154,45.002101898193,37.4146,55.972599,Arrived,2017-01-22T10:05:00Z,2017-01-22T11:45:00Z,2017-01-22T10:07:00Z,2017-01-22T11:47:00Z,100.0,100.0,733,Boeing 737-300,40.0000000000000000,41.4350000000000000,130,117,118,108,12,9,1654200.00,1324800.00,329400.00
136316,PG0252,Anapa,AAQ,Moscow,SVO,37.347301483154,45.002101898193,37.4146,55.972599,Arrived,2017-01-12T10:05:00Z,2017-01-12T11:45:00Z,2017-01-12T10:07:00Z,2017-01-12T11:47:00Z,100.0,100.0,733,Boeing 737-300,40.0000000000000000,41.4350000000000000,130,130,118,118,12,12,1886000.00,1446800.00,439200.00
136318,PG0252,Anapa,AAQ,Moscow,SVO,37.347301483154,45.002101898193,37.4146,55.972599,Arrived,2016-12-17T10:05:00Z,2016-12-17T11:45:00Z,2016-12-17T10:07:00Z,2016-12-17T11:49:00Z,100.0,102.0,733,Boeing 737-300,40.0000000000000000,38.8670000000000000,130,104,118,93,12,11,1544400.00,1141800.00,402600.00
136320,PG0252,Anapa,AAQ,Moscow,SVO,37.347301483154,45.002101898193,37.4146,55.972599,Arrived,2017-02-19T10:05:00Z,2017-02-19T11:45:00Z,2017-02-19T10:05:00Z,2017-02-19T11:45:00Z,100.0,100.0,733,Boeing 737-300,40.0000000000000000,39.5530000000000000,130,106,118,96,12,10,1544400.00,1178400.00,366000.00
136322,PG0252,Anapa,AAQ,Moscow,SVO,37.347301483154,45.002101898193,37.4146,55.972599,Arrived,2017-02-06T10:05:00Z,2017-02-06T11:45:00Z,2017-02-06T10:11:00Z,2017-02-06T11:52:00Z,100.0,101.0,733,Boeing 737-300,40.0000000000000000,39.5530000000000000,130,108,118,98,12,10,1567600.00,1201600.00,366000.00
136324,PG0252,Anapa,AAQ,Moscow,SVO,37.347301483154,45.002101898193,37.4146,55.972599,Arrived,2016-12-05T10:05:00Z,2016-12-05T11:45:00Z,2016-12-05T10:09:00Z,2016-12-05T11:50:00Z,100.0,101.0,733,Boeing 737-300,40.0000000000000000,38.8670000000000000,130,118,118,109,12,9,1666400.00,1337000.00,329400.00
136327,PG0252,Anapa,AAQ,Moscow,SVO,37.347301483154,45.002101898193,37.4146,55.972599,Arrived,2016-12-30T10:05:00Z,2016-12-30T11:45:00Z,2016-12-30T10:12:00Z,2016-12-30T11:52:00Z,100.0,100.0,733,Boeing 737-300,40.0000000000000000,38.8670000000000000,130,108,118,99,12,9,1543200.00,1213800.00,329400.00
136338,PG0252,Anapa,AAQ,Moscow,SVO,37.347301483154,45.002101898193,37.4146,55.972599,Arrived,2016-12-19T10:05:00Z,2016-12-19T11:45:00Z,2016-12-19T10:06:00Z,2016-12-19T11:46:00Z,100.0,100.0,733,Boeing 737-300,40.0000000000000000,38.8670000000000000,130,128,118,116,12,12,1861600.00,1422400.00,439200.00
136345,PG0252,Anapa,AAQ,Moscow,SVO,37.347301483154,45.002101898193,37.4146,55.972599,Arrived,2017-01-24T10:05:00Z,2017-01-24T11:45:00Z,2017-01-24T13:32:00Z,2017-01-24T15:12:00Z,100.0,100.0,733,Boeing 737-300,40.0000000000000000,41.4350000000000000,130,108,118,100,12,8,1517600.00,1224800.00,292800.00
136348,PG0252,Anapa,AAQ,Moscow,SVO,37.347301483154,45.002101898193,37.4146,55.972599,Arrived,2017-02-10T10:05:00Z,2017-02-10T11:45:00Z,2017-02-10T10:05:00Z,2017-02-10T11:45:00Z,100.0,100.0,733,Boeing 737-300,40.0000000000000000,39.5530000000000000,130,120,118,108,12,12,1762800.00,1323600.00,439200.00
136351,PG0252,Anapa,AAQ,Moscow,SVO,37.347301483154,45.002101898193,37.4146,55.972599,Arrived,2017-02-26T10:05:00Z,2017-02-26T11:45:00Z,2017-02-26T10:13:00Z,2017-02-26T11:53:00Z,100.0,100.0,733,Boeing 737-300,40.0000000000000000,39.5530000000000000,130,105,118,94,12,11,1555400.00,1152800.00,402600.00
136352,PG0252,Anapa,AAQ,Moscow,SVO,37.347301483154,45.002101898193,37.4146,55.972599,Arrived,2016-12-10T10:05:00Z,2016-12-10T11:45:00Z,2016-12-10T10:10:00Z,2016-12-10T11:50:00Z,100.0,100.0,733,Boeing 737-300,40.0000000000000000,38.8670000000000000,130,92,118,82,12,10,1372400.00,1006400.00,366000.00
136360,PG0252,Anapa,AAQ,Moscow,SVO,37.347301483154,45.002101898193,37.4146,55.972599,Arrived,2017-02-05T10:05:00Z,2017-02-05T11:45:00Z,2017-02-05T10:08:00Z,2017-02-05T11:48:00Z,100.0,100.0,733,Boeing 737-300,40.0000000000000000,39.5530000000000000,130,97,118,86,12,11,1455400.00,1052800.00,402600.00
136366,PG0252,Anapa,AAQ,Moscow,SVO,37.347301483154,45.002101898193,37.4146,55.972599,Arrived,2017-01-11T10:05:00Z,2017-01-11T11:45:00Z,2017-01-11T10:08:00Z,2017-01-11T11:47:00Z,100.0,99.0,733,Boeing 737-300,40.0000000000000000,41.4350000000000000,130,103,118,92,12,11,1527400.00,1124800.00,402600.00
136368,PG0252,Anapa,AAQ,Moscow,SVO,37.347301483154,45.002101898193,37.4146,55.972599,Arrived,2016-12-31T10:05:00Z,2016-12-31T11:45:00Z,2016-12-31T10:07:00Z,2016-12-31T11:47:00Z,100.0,100.0,733,Boeing 737-300,40.0000000000000000,38.8670000000000000,130,130,118,118,12,12,1886000.00,1446800.00,439200.00
136383,PG0252,Anapa,AAQ,Moscow,SVO,37.347301483154,45.002101898193,37.4146,55.972599,Arrived,2017-01-25T10:05:00Z,2017-01-25T11:45:00Z,2017-01-25T10:09:00Z,2017-01-25T11:51:00Z,100.0,102.0,733,Boeing 737-300,40.0000000000000000,41.4350000000000000,130,106,118,98,12,8,1493200.00,1200400.00,292800.00
136385,PG0252,Anapa,AAQ,Moscow,SVO,37.347301483154,45.002101898193,37.4146,55.972599,Arrived,2016-12-16T10:05:00Z,2016-12-16T11:45:00Z,2016-12-16T10:10:00Z,2016-12-16T11:50:00Z,100.0,100.0,733,Boeing 737-300,40.0000000000000000,38.8670000000000000,130,128,118,116,12,12,1861600.00,1422400.00,439200.00
136387,PG0252,Anapa,AAQ,Moscow,SVO,37.347301483154,45.002101898193,37.4146,55.972599,Arrived,2017-01-19T10:05:00Z,2017-01-19T11:45:00Z,2017-01-19T10:08:00Z,2017-01-19T11:47:00Z,100.0,99.0,733,Boeing 737-300,40.0000000000000000,41.4350000000000000,130,121,118,109,12,12,1775000.00,1335800.00,439200.00
136389,PG0252,Anapa,AAQ,Moscow,SVO,37.347301483154,45.002101898193,37.4146,55.972599,Arrived,2017-01-18T10:05:00Z,2017-01-18T11:45:00Z,2017-01-18T10:10:00Z,2017-01-18T11:50:00Z,100.0,100.0,733,Boeing 737-300,40.0000000000000000,41.4350000000000000,130,129,118,117,12,12,1873800.00,1434600.00,439200.00
136390,PG0252,Anapa,AAQ,Moscow,SVO,37.347301483154,45.002101898193,37.4146,55.972599,Arrived,2016-12-26T10:05:00Z,2016-12-26T11:45:00Z,2016-12-26T10:06:00Z,2016-12-26T11:47:00Z,100.0,101.0,733,Boeing 737-300,40.0000000000000000,38.8670000000000000,130,125,118,113,12,12,1823800.00,1384600.00,439200.00
136391,PG0252,Anapa,AAQ,Moscow,SVO,37.347301483154,45.002101898193,37.4146,55.972599,Arrived,2016-12-03T10:05:00Z,2016-12-03T11:45:00Z,2016-12-03T10:08:00Z,2016-12-03T11:48:00Z,100.0,100.0,733,Boeing 737-300,40.0000000000000000,38.8670000000000000,130,107,118,97,12,10,1556600.00,1190600.00,366000.00
136397,PG0252,Anapa,AAQ,Moscow,SVO,37.347301483154,45.002101898193,37.4146,55.972599,Arrived,2016-12-25T10:05:00Z,2016-12-25T11:45:00Z,2016-12-25T10:06:00Z,2016-12-25T11:47:00Z,100.0,101.0,733,Boeing 737-300,40.0000000000000000,38.8670000000000000,130,104,118,97,12,7,1444400.00,1188200.00,256200.00
136403,PG0252,Anapa,AAQ,Moscow,SVO,37.347301483154,45.002101898193,37.4146,55.972599,Arrived,2017-02-20T10:05:00Z,2017-02-20T11:45:00Z,2017-02-20T10:06:00Z,2017-02-20T11:46:00Z,100.0,100.0,733,Boeing 737-300,40.0000000000000000,39.5530000000000000,130,129,118,117,12,12,1873800.00,1434600.00,439200.00
136411,PG0252,Anapa,AAQ,Moscow,SVO,37.347301483154,45.002101898193,37.4146,55.972599,Arrived,2017-02-04T10:05:00Z,2017-02-04T11:45:00Z,2017-02-04T10:06:00Z,2017-02-04T11:46:00Z,100.0,100.0,733,Boeing 737-300,40.0000000000000000,39.5530000000000000,130,110,118,100,12,10,1590800.00,1224800.00,366000.00
136418,PG0252,Anapa,AAQ,Moscow,SVO,37.347301483154,45.002101898193,37.4146,55.972599,Arrived,2016-12-07T10:05:00Z,2016-12-07T11:45:00Z,2016-12-07T10:07:00Z,2016-12-07T11:47:00Z,100.0,100.0,733,Boeing 737-300,40.0000000000000000,38.8670000000000000,130,97,118,88,12,9,1407800.00,1078400.00,329400.00
136420,PG0252,Anapa,AAQ,Moscow,SVO,37.347301483154,45.002101898193,37.4146,55.972599,Arrived,2017-01-01T10:05:00Z,2017-01-01T11:45:00Z,2017-01-01T10:09:00Z,2017-01-01T11:47:00Z,100.0,98.0,733,Boeing 737-300,40.0000000000000000,41.4350000000000000,130,104,118,93,12,11,1542000.00,1139400.00,402600.00
136423,PG0252,Anapa,AAQ,Moscow,SVO,37.347301483154,45.002101898193,37.4146,55.972599,Arrived,2017-01-10T10:05:00Z,2017-01-10T11:45:00Z,2017-01-10T10:12:00Z,2017-01-10T11:52:00Z,100.0,100.0,733,Boeing 737-300,40.0000000000000000,41.4350000000000000,130,129,118,118,12,11,1849400.00,1446800.00,402600.00
136428,PG0252,Anapa,AAQ,Moscow,SVO,37.347301483154,45.002101898193,37.4146,55.972599,Arrived,2017-01-21T10:05:00Z,2017-01-21T11:45:00Z,2017-01-21T10:08:00Z,2017-01-21T11:47:00Z,100.0,99.0,733,Boeing 737-300,40.0000000000000000,41.4350000000000000,130,115,118,104,12,11,1678600.00,1276000.00,402600.00
136436,PG0252,Anapa,AAQ,Moscow,SVO,37.347301483154,45.002101898193,37.4146,55.972599,Arrived,2017-01-26T10:05:00Z,2017-01-26T11:45:00Z,2017-01-26T10:08:00Z,2017-01-26T11:47:00Z,100.0,99.0,733,Boeing 737-300,40.0000000000000000,41.4350000000000000,130,124,118,112,12,12,1811600.00,1372400.00,439200.00
136439,PG0252,Anapa,AAQ,Moscow,SVO,37.347301483154,45.002101898193,37.4146,55.972599,Arrived,2017-02-25T10:05:00Z,2017-02-25T11:45:00Z,2017-02-25T10:08:00Z,2017-02-25T11:48:00Z,100.0,100.0,733,Boeing 737-300,40.0000000000000000,39.5530000000000000,130,117,118,106,12,11,1701800.00,1299200.00,402600.00
136441,PG0252,Anapa,AAQ,Moscow,SVO,37.347301483154,45.002101898193,37.4146,55.972599,Arrived,2017-02-03T10:05:00Z,2017-02-03T11:45:00Z,2017-02-03T10:07:00Z,2017-02-03T11:47:00Z,100.0,100.0,733,Boeing 737-300,40.0000000000000000,39.5530000000000000,130,128,118,117,12,11,1837200.00,1434600.00,402600.00
136447,PG0252,Anapa,AAQ,Moscow,SVO,37.347301483154,45.002101898193,37.4146,55.972599,Arrived,2016-12-11T10:05:00Z,2016-12-11T11:45:00Z,2016-12-11T10:07:00Z,2016-12-11T11:47:00Z,100.0,100.0,733,Boeing 737-300,40.0000000000000000,38.8670000000000000,130,116,118,107,12,9,1642000.00,1312600.00,329400.00
136450,PG0252,Anapa,AAQ,Moscow,SVO,37.347301483154,45.002101898193,37.4146,55.972599,Arrived,2016-12-06T10:05:00Z,2016-12-06T11:45:00Z,2016-12-06T10:06:00Z,2016-12-06T11:48:00Z,100.0,102.0,733,Boeing 737-300,40.0000000000000000,38.8670000000000000,130,107,118,97,12,10,1554200.00,1188200.00,366000.00
136452,PG0252,Anapa,AAQ,Moscow,SVO,37.347301483154,45.002101898193,37.4146,55.972599,Arrived,2017-02-17T10:05:00Z,2017-02-17T11:45:00Z,2017-02-17T10:08:00Z,2017-02-17T11:48:00Z,100.0,100.0,733,Boeing 737-300,40.0000000000000000,39.5530000000000000,130,109,118,98,12,11,1603000.00,1200400.00,402600.00
136458,PG0252,Anapa,AAQ,Moscow,SVO,37.347301483154,45.002101898193,37.4146,55.972599,Arrived,2017-01-02T10:05:00Z,2017-01-02T11:45:00Z,2017-01-02T10:07:00Z,2017-01-02T11:46:00Z,100.0,99.0,733,Boeing 737-300,40.0000000000000000,41.4350000000000000,130,110,118,101,12,9,1568800.00,1239400.00,329400.00
136463,PG0252,Anapa,AAQ,Moscow,SVO,37.347301483154,45.002101898193,37.4146,55.972599,Arrived,2017-01-20T10:05:00Z,2017-01-20T11:45:00Z,2017-01-20T10:06:00Z,2017-01-20T11:45:00Z,100.0,99.0,733,Boeing 737-300,40.0000000000000000,41.4350000000000000,130,122,118,110,12,12,1788400.00,1349200.00,439200.00
136464,PG0252,Anapa,AAQ,Moscow,SVO,37.347301483154,45.002101898193,37.4146,55.972599,Arrived,2017-01-09T10:05:00Z,2017-01-09T11:45:00Z,2017-01-09T10:07:00Z,2017-01-09T11:47:00Z,100.0,100.0,733,Boeing 737-300,40.0000000000000000,41.4350000000000000,130,100,118,93,12,7,1398000.00,1141800.00,256200.00
136465,PG0252,Anapa,AAQ,Moscow,SVO,37.347301483154,45.002101898193,37.4146,55.972599,Arrived,2016-12-15T10:05:00Z,2016-12-15T11:45:00Z,2016-12-15T10:05:00Z,2016-12-15T11:47:00Z,100.0,102.0,733,Boeing 737-300,40.0000000000000000,38.8670000000000000,130,130,118,118,12,12,1886000.00,1446800.00,439200.00
136471,PG0252,Anapa,AAQ,Moscow,SVO,37.347301483154,45.002101898193,37.4146,55.972599,Arrived,2017-01-17T10:05:00Z,2017-01-17T11:45:00Z,2017-01-17T10:11:00Z,2017-01-17T11:51:00Z,100.0,100.0,733,Boeing 737-300,40.0000000000000000,41.4350000000000000,130,120,118,108,12,12,1762800.00,1323600.00,439200.00
136474,PG0252,Anapa,AAQ,Moscow,SVO,37.347301483154,45.002101898193,37.4146,55.972599,Arrived,2016-12-02T10:05:00Z,2016-12-02T11:45:00Z,2016-12-02T10:06:00Z,2016-12-02T11:44:00Z,100.0,98.0,733,Boeing 737-300,40.0000000000000000,38.8670000000000000,130,130,118,118,12,12,1886000.00,1446800.00,439200.00
136479,PG0252,Anapa,AAQ,Moscow,SVO,37.347301483154,45.002101898193,37.4146,55.972599,Arrived,2017-02-21T10:05:00Z,2017-02-21T11:45:00Z,2017-02-21T10:08:00Z,2017-02-21T11:47:00Z,100.0,99.0,733,Boeing 737-300,40.0000000000000000,39.5530000000000000,130,122,118,112,12,10,1738400.00,1372400.00,366000.00
136485,PG0252,Anapa,AAQ,Moscow,SVO,37.347301483154,45.002101898193,37.4146,55.972599,Arrived,2017-01-27T10:05:00Z,2017-01-27T11:45:00Z,2017-01-27T10:07:00Z,2017-01-27T11:47:00Z,100.0,100.0,733,Boeing 737-300,40.0000000000000000,41.4350000000000000,130,106,118,97,12,9,1520000.00,1190600.00,329400.00
136486,PG0252,Anapa,AAQ,Moscow,SVO,37.347301483154,45.002101898193,37.4146,55.972599,Arrived,2017-02-02T10:05:00Z,2017-02-02T11:45:00Z,2017-02-02T10:07:00Z,2017-02-02T11:48:00Z,100.0,101.0,733,Boeing 737-300,40.0000000000000000,39.5530000000000000,130,107,118,99,12,8,1505400.00,1212600.00,292800.00
136491,PG0252,Anapa,AAQ,Moscow,SVO,37.347301483154,45.002101898193,37.4146,55.972599,Arrived,2016-12-08T10:05:00Z,2016-12-08T11:45:00Z,2016-12-08T10:08:00Z,2016-12-08T11:49:00Z,100.0,101.0,733,Boeing 737-300,40.0000000000000000,38.8670000000000000,130,103,118,93,12,10,1505400.00,1139400.00,366000.00
136492,PG0252,Anapa,AAQ,Moscow,SVO,37.347301483154,45.002101898193,37.4146,55.972599,Arrived,2016-12-23T10:05:00Z,2016-12-23T11:45:00Z,2016-12-23T10:08:00Z,2016-12-23T11:48:00Z,100.0,100.0,733,Boeing 737-300,40.0000000000000000,38.8670000000000000,130,118,118,108,12,10,1690800.00,1324800.00,366000.00
136511,PG0194,Anapa,AAQ,Novokuznetsk,NOZ,37.347301483154,45.002101898193,86.877197265625,53.8114013671875,Arrived,2017-02-21T06:10:00Z,2017-02-21T11:15:00Z,2017-02-21T06:15:00Z,2017-02-21T11:25:00Z,305.0,310.0,733,Boeing 737-300,40.0000000000000000,39.5530000000000000,130,,118,,12,,,,
136513,PG0194,Anapa,AAQ,Novokuznetsk,NOZ,37.347301483154,45.002101898193,86.877197265625,53.8114013671875,Arrived,2017-02-28T06:10:00Z,2017-02-28T11:15:00Z,2017-02-28T06:13:00Z,2017-02-28T11:23:00Z,305.0,310.0,733,Boeing 737-300,40.0000000000000000,39.5530000000000000,130,,118,,12,,,,
136514,PG0194,Anapa,AAQ,Novokuznetsk,NOZ,37.347301483154,45.002101898193,86.877197265625,53.8114013671875,Arrived,2017-02-07T06:10:00Z,2017-02-07T11:15:00Z,2017-02-07T06:14:00Z,2017-02-07T11:13:00Z,305.0,299.0,733,Boeing 737-300,40.0000000000000000,39.5530000000000000,130,,118,,12,,,,
136518,PG0194,Anapa,AAQ,Novokuznetsk,NOZ,37.347301483154,45.002101898193,86.877197265625,53.8114013671875,Arrived,2016-12-20T06:10:00Z,2016-12-20T11:15:00Z,2016-12-20T06:13:00Z,2016-12-20T11:17:00Z,305.0,304.0,733,Boeing 737-300,40.0000000000000000,38.8670000000000000,130,,118,,12,,,,
136523,PG0194,Anapa,AAQ,Novokuznetsk,NOZ,37.347301483154,45.002101898193,86.877197265625,53.8114013671875,Arrived,2017-01-10T06:10:00Z,2017-01-10T11:15:00Z,2017-01-10T06:14:00Z,2017-01-10T11:26:00Z,305.0,312.0,733,Boeing 737-300,40.0000000000000000,41.4350000000000000,130,,118,,12,,,,
136533,PG0194,Anapa,AAQ,Novokuznetsk,NOZ,37.347301483154,45.002101898193,86.877197265625,53.8114013671875,Arrived,2016-12-13T06:10:00Z,2016-12-13T11:15:00Z,2016-12-13T06:13:00Z,2016-12-13T11:16:00Z,305.0,303.0,733,Boeing 737-300,40.0000000000000000,38.8670000000000000,130,,118,,12,,,,
136534,PG0194,Anapa,AAQ,Novokuznetsk,NOZ,37.347301483154,45.002101898193,86.877197265625,53.8114013671875,Arrived,2016-12-06T06:10:00Z,2016-12-06T11:15:00Z,2016-12-06T06:13:00Z,2016-12-06T11:17:00Z,305.0,304.0,733,Boeing 737-300,40.0000000000000000,38.8670000000000000,130,,118,,12,,,,
136540,PG0194,Anapa,AAQ,Novokuznetsk,NOZ,37.347301483154,45.002101898193,86.877197265625,53.8114013671875,Arrived,2017-01-17T06:10:00Z,2017-01-17T11:15:00Z,2017-01-17T06:14:00Z,2017-01-17T11:21:00Z,305.0,307.0,733,Boeing 737-300,40.0000000000000000,41.4350000000000000,130,,118,,12,,,,
136544,PG0194,Anapa,AAQ,Novokuznetsk,NOZ,37.347301483154,45.002101898193,86.877197265625,53.8114013671875,Arrived,2017-01-31T06:10:00Z,2017-01-31T11:15:00Z,2017-01-31T06:10:00Z,2017-01-31T11:14:00Z,305.0,304.0,733,Boeing 737-300,40.0000000000000000,41.4350000000000000,130,,118,,12,,,,
136546,PG0194,Anapa,AAQ,Novokuznetsk,NOZ,37.347301483154,45.002101898193,86.877197265625,53.8114013671875,Arrived,2017-01-03T06:10:00Z,2017-01-03T11:15:00Z,2017-01-03T06:13:00Z,2017-01-03T11:15:00Z,305.0,302.0,733,Boeing 737-300,40.0000000000000000,41.4350000000000000,130,,118,,12,,,,
136560,PG0194,Anapa,AAQ,Novokuznetsk,NOZ,37.347301483154,45.002101898193,86.877197265625,53.8114013671875,Arrived,2017-01-24T06:10:00Z,2017-01-24T11:15:00Z,2017-01-24T06:13:00Z,2017-01-24T11:18:00Z,305.0,305.0,733,Boeing 737-300,40.0000000000000000,41.4350000000000000,130,,118,,12,,,,
136564,PG0194,Anapa,AAQ,Novokuznetsk,NOZ,37.347301483154,45.002101898193,86.877197265625,53.8114013671875,Arrived,2016-12-27T06:10:00Z,2016-12-27T11:15:00Z,2016-12-27T06:16:00Z,2016-12-27T11:21:00Z,305.0,305.0,733,Boeing 737-300,40.0000000000000000,38.8670000000000000,130,,118,,12,,,,
136567,PG0194,Anapa,AAQ,Novokuznetsk,NOZ,37.347301483154,45.002101898193,86.877197265625,53.8114013671875,Arrived,2017-02-14T06:10:00Z,2017-02-14T11:15:00Z,2017-02-14T06:12:00Z,2017-02-14T11:23:00Z,305.0,311.0,733,Boeing 737-300,40.0000000000000000,39.5530000000000000,130,,118,,12,,,,
136571,PG0480,Anapa,AAQ,Belgorod,EGO,37.347301483154,45.002101898193,36.5900993347168,50.643798828125,Arrived,2017-01-25T09:25:00Z,2017-01-25T10:15:00Z,2017-01-25T09:28:00Z,2017-01-25T10:18:00Z,50.0,50.0,SU9,Sukhoi Superjet-100,28.3333333333333333,41.4350000000000000,97,95,85,83,12,12,752700.00,525900.00,226800.00
136586,PG0480,Anapa,AAQ,Belgorod,EGO,37.347301483154,45.002101898193,36.5900993347168,50.643798828125,Arrived,2017-01-10T09:25:00Z,2017-01-10T10:15:00Z,2017-01-10T09:28:00Z,2017-01-10T10:18:00Z,50.0,50.0,SU9,Sukhoi Superjet-100,28.3333333333333333,41.4350000000000000,97,96,85,84,12,12,759000.00,532200.00,226800.00
136592,PG0480,Anapa,AAQ,Belgorod,EGO,37.347301483154,45.002101898193,36.5900993347168,50.643798828125,Arrived,2016-12-25T09:25:00Z,2016-12-25T10:15:00Z,2016-12-25T09:28:00Z,2016-12-25T10:18:00Z,50.0,50.0,SU9,Sukhoi Superjet-100,28.3333333333333333,38.8670000000000000,97,89,85,80,12,9,677100.00,507000.00,170100.00
136600,PG0480,Anapa,AAQ,Belgorod,EGO,37.347301483154,45.002101898193,36.5900993347168,50.643798828125,Arrived,2017-02-08T09:25:00Z,2017-02-08T10:15:00Z,2017-02-08T09:26:00Z,2017-02-08T10:16:00Z,50.0,50.0,SU9,Sukhoi Superjet-100,28.3333333333333333,39.5530000000000000,97,97,85,85,12,12,765300.00,538500.00,226800.00
136605,PG0480,Anapa,AAQ,Belgorod,EGO,37.347301483154,45.002101898193,36.5900993347168,50.643798828125,Arrived,2017-02-15T09:25:00Z,2017-02-15T10:15:00Z,2017-02-15T09:28:00Z,2017-02-15T10:19:00Z,50.0,51.0,SU9,Sukhoi Superjet-100,28.3333333333333333,39.5530000000000000,97,97,85,85,12,12,765300.00,538500.00,226800.00
136609,PG0480,Anapa,AAQ,Belgorod,EGO,37.347301483154,45.002101898193,36.5900993347168,50.643798828125,Arrived,2017-01-08T09:25:00Z,2017-01-08T10:15:00Z,2017-01-08T09:28:00Z,2017-01-08T10:18:00Z,50.0,50.0,SU9,Sukhoi Superjet-100,28.3333333333333333,41.4350000000000000,97,81,85,71,12,10,639300.00,450300.00,189000.00
136612,PG0480,Anapa,AAQ,Belgorod,EGO,37.347301483154,45.002101898193,36.5900993347168,50.643798828125,Arrived,2017-02-21T09:25:00Z,2017-02-21T10:15:00Z,2017-02-21T09:27:00Z,2017-02-21T10:17:00Z,50.0,50.0,SU9,Sukhoi Superjet-100,28.3333333333333333,39.5530000000000000,97,94,85,82,12,12,746400.00,519600.00,226800.00
136617,PG0480,Anapa,AAQ,Belgorod,EGO,37.347301483154,45.002101898193,36.5900993347168,50.643798828125,Arrived,2016-12-27T09:25:00Z,2016-12-27T10:15:00Z,2016-12-27T09:26:00Z,2016-12-27T10:16:00Z,50.0,50.0,SU9,Sukhoi Superjet-100,28.3333333333333333,38.8670000000000000,97,97,85,85,12,12,765300.00,538500.00,226800.00
136620,PG0480,Anapa,AAQ,Belgorod,EGO,37.347301483154,45.002101898193,36.5900993347168,50.643798828125,Arrived,2017-02-17T09:25:00Z,2017-02-17T10:15:00Z,2017-02-17T09:30:00Z,2017-02-17T10:19:00Z,50.0,49.0,SU9,Sukhoi Superjet-100,28.3333333333333333,39.5530000000000000,97,79,85,70,12,9,613500.00,443400.00,170100.00
136630,PG0480,Anapa,AAQ,Belgorod,EGO,37.347301483154,45.002101898193,36.5900993347168,50.643798828125,Arrived,2017-02-25T09:25:00Z,2017-02-25T10:15:00Z,2017-02-25T09:32:00Z,2017-02-25T10:22:00Z,50.0,50.0,SU9,Sukhoi Superjet-100,28.3333333333333333,39.5530000000000000,97,94,85,82,12,12,746400.00,519600.00,226800.00
136631,PG0480,Anapa,AAQ,Belgorod,EGO,37.347301483154,45.002101898193,36.5900993347168,50.643798828125,Arrived,2016-12-22T09:25:00Z,2016-12-22T10:15:00Z,2016-12-22T09:26:00Z,2016-12-22T10:16:00Z,50.0,50.0,SU9,Sukhoi Superjet-100,28.3333333333333333,38.8670000000000000,97,90,85,78,12,12,721200.00,494400.00,226800.00
136632,PG0480,Anapa,AAQ,Belgorod,EGO,37.347301483154,45.002101898193,36.5900993347168,50.643798828125,Arrived,2017-01-07T09:25:00Z,2017-01-07T10:15:00Z,2017-01-07T12:42:00Z,2017-01-07T13:33:00Z,50.0,51.0,SU9,Sukhoi Superjet-100,28.3333333333333333,41.4350000000000000,97,91,85,80,12,11,714300.00,506400.00,207900.00
136642,PG0480,Anapa,AAQ,Belgorod,EGO,37.347301483154,45.002101898193,36.5900993347168,50.643798828125,Arrived,2017-01-30T09:25:00Z,2017-01-30T10:15:00Z,2017-01-30T09:28:00Z,2017-01-30T10:17:00Z,50.0,49.0,SU9,Sukhoi Superjet-100,28.3333333333333333,41.4350000000000000,97,64,85,54,12,10,531000.00,342000.00,189000.00
136645,PG0480,Anapa,AAQ,Belgorod,EGO,37.347301483154,45.002101898193,36.5900993347168,50.643798828125,Arrived,2017-01-05T09:25:00Z,2017-01-05T10:15:00Z,2017-01-05T09:29:00Z,2017-01-05T10:20:00Z,50.0,51.0,SU9,Sukhoi Superjet-100,28.3333333333333333,41.4350000000000000,97,82,85,73,12,9,633000.00,462900.00,170100.00
136649,PG0480,Anapa,AAQ,Belgorod,EGO,37.347301483154,45.002101898193,36.5900993347168,50.643798828125,Arrived,2017-01-18T09:25:00Z,2017-01-18T10:15:00Z,2017-01-18T09:25:00Z,2017-01-18T10:15:00Z,50.0,50.0,SU9,Sukhoi Superjet-100,28.3333333333333333,41.4350000000000000,97,96,85,84,12,12,759000.00,532200.00,226800.00
136653,PG0480,Anapa,AAQ,Belgorod,EGO,37.347301483154,45.002101898193,36.5900993347168,50.643798828125,Arrived,2016-12-24T09:25:00Z,2016-12-24T10:15:00Z,2016-12-24T09:27:00Z,2016-12-24T10:17:00Z,50.0,50.0,SU9,Sukhoi Superjet-100,28.3333333333333333,38.8670000000000000,97,89,85,78,12,11,701700.00,493800.00,207900.00
136654,PG0480,Anapa,AAQ,Belgorod,EGO,37.347301483154,45.002101898193,36.5900993347168,50.643798828125,Arrived,2017-01-19T09:25:00Z,2017-01-19T10:15:00Z,2017-01-19T09:28:00Z,2017-01-19T10:17:00Z,50.0,49.0,SU9,Sukhoi Superjet-100,28.3333333333333333,41.4350000000000000,97,96,85,84,12,12,759000.00,532200.00,226800.00
136660,PG0480,Anapa,AAQ,Belgorod,EGO,37.347301483154,45.002101898193,36.5900993347168,50.643798828125,Arrived,2017-02-20T09:25:00Z,2017-02-20T10:15:00Z,2017-02-20T09:26:00Z,2017-02-20T10:15:00Z,50.0,49.0,SU9,Sukhoi Superjet-100,28.3333333333333333,39.5530000000000000,97,87,85,77,12,10,677100.00,488100.00,189000.00
136661,PG0480,Anapa,AAQ,Belgorod,EGO,37.347301483154,45.002101898193,36.5900993347168,50.643798828125,Arrived,2017-01-01T09:25:00Z,2017-01-01T10:15:00Z,2017-01-01T09:27:00Z,2017-01-01T10:17:00Z,50.0,50.0,SU9,Sukhoi Superjet-100,28.3333333333333333,41.4350000000000000,97,96,85,84,12,12,759000.00,532200.00,226800.00
136666,PG0480,Anapa,AAQ,Belgorod,EGO,37.347301483154,45.002101898193,36.5900993347168,50.643798828125,Arrived,2017-02-09T09:25:00Z,2017-02-09T10:15:00Z,2017-02-09T09:26:00Z,2017-02-09T10:16:00Z,50.0,50.0,SU9,Sukhoi Superjet-100,28.3333333333333333,39.5530000000000000,97,87,85,78,12,9,664500.00,494400.00,170100.00
136669,PG0480,Anapa,AAQ,Belgorod,EGO,37.347301483154,45.002101898193,36.5900993347168,50.643798828125,Arrived,2017-01-17T09:25:00Z,2017-01-17T10:15:00Z,2017-01-17T09:26:00Z,2017-01-17T10:17:00Z,50.0,51.0,SU9,Sukhoi Superjet-100,28.3333333333333333,41.4350000000000000,97,95,85,83,12,12,752700.00,525900.00,226800.00
136672,PG0480,Anapa,AAQ,Belgorod,EGO,37.347301483154,45.002101898193,36.5900993347168,50.643798828125,Arrived,2017-02-03T09:25:00Z,2017-02-03T10:15:00Z,2017-02-03T09:28:00Z,2017-02-03T10:18:00Z,50.0,50.0,SU9,Sukhoi Superjet-100,28.3333333333333333,39.5530000000000000,97,96,85,84,12,12,759000.00,532200.00,226800.00
136678,PG0480,Anapa,AAQ,Belgorod,EGO,37.347301483154,45.002101898193,36.5900993347168,50.643798828125,Arrived,2017-01-28T09:25:00Z,2017-01-28T10:15:00Z,2017-01-28T09:27:00Z,2017-01-28T10:17:00Z,50.0,50.0,SU9,Sukhoi Superjet-100,28.3333333333333333,41.4350000000000000,97,80,85,70,12,10,631200.00,442200.00,189000.00
136680,PG0480,Anapa,AAQ,Belgorod,EGO,37.347301483154,45.002101898193,36.5900993347168,50.643798828125,Arrived,2016-12-26T09:25:00Z,2016-12-26T10:15:00Z,2016-12-26T09:34:00Z,2016-12-26T10:24:00Z,50.0,50.0,SU9,Sukhoi Superjet-100,28.3333333333333333,38.8670000000000000,97,92,85,80,12,12,733800.00,507000.00,226800.00
136688,PG0480,Anapa,AAQ,Belgorod,EGO,37.347301483154,45.002101898193,36.5900993347168,50.643798828125,Arrived,2016-12-15T09:25:00Z,2016-12-15T10:15:00Z,2016-12-15T09:30:00Z,2016-12-15T10:20:00Z,50.0,50.0,SU9,Sukhoi Superjet-100,28.3333333333333333,38.8670000000000000,97,89,85,79,12,10,689700.00,500700.00,189000.00
136691,PG0480,Anapa,AAQ,Belgorod,EGO,37.347301483154,45.002101898193,36.5900993347168,50.643798828125,Arrived,2016-12-13T09:25:00Z,2016-12-13T10:15:00Z,2016-12-13T09:25:00Z,2016-12-13T10:14:00Z,50.0,49.0,SU9,Sukhoi Superjet-100,28.3333333333333333,38.8670000000000000,97,87,85,76,12,11,689700.00,481800.00,207900.00
136698,PG0480,Anapa,AAQ,Belgorod,EGO,37.347301483154,45.002101898193,36.5900993347168,50.643798828125,Arrived,2016-12-01T09:25:00Z,2016-12-01T10:15:00Z,2016-12-01T09:30:00Z,2016-12-01T10:19:00Z,50.0,49.0,SU9,Sukhoi Superjet-100,28.3333333333333333,38.8670000000000000,97,94,85,82,12,12,746400.00,519600.00,226800.00
136702,PG0480,Anapa,AAQ,Belgorod,EGO,37.347301483154,45.002101898193,36.5900993347168,50.643798828125,Arrived,2016-12-23T09:25:00Z,2016-12-23T10:15:00Z,2016-12-23T09:26:00Z,2016-12-23T10:16:00Z,50.0,50.0,SU9,Sukhoi Superjet-100,28.3333333333333333,38.8670000000000000,97,84,85,73,12,11,670800.00,462900.00,207900.00
136706,PG0480,Anapa,AAQ,Belgorod,EGO,37.347301483154,45.002101898193,36.5900993347168,50.643798828125,Arrived,2017-01-06T09:25:00Z,2017-01-06T10:15:00Z,2017-01-06T09:30:00Z,2017-01-06T10:20:00Z,50.0,50.0,SU9,Sukhoi Superjet-100,28.3333333333333333,41.4350000000000000,97,95,85,84,12,11,740100.00,532200.00,207900.00
136709,PG0480,Anapa,AAQ,Belgorod,EGO,37.347301483154,45.002101898193,36.5900993347168,50.643798828125,Arrived,2017-01-15T09:25:00Z,2017-01-15T10:15:00Z,2017-01-15T09:28:00Z,2017-01-15T10:18:00Z,50.0,50.0,SU9,Sukhoi Superjet-100,28.3333333333333333,41.4350000000000000,97,87,85,76,12,11,689700.00,481800.00,207900.00
136720,PG0480,Anapa,AAQ,Belgorod,EGO,37.347301483154,45.002101898193,36.5900993347168,50.643798828125,Arrived,2017-01-26T09:25:00Z,2017-01-26T10:15:00Z,2017-01-26T09:29:00Z,2017-01-26T10:19:00Z,50.0,50.0,SU9,Sukhoi Superjet-100,28.3333333333333333,41.4350000000000000,97,95,85,83,12,12,752700.00,525900.00,226800.00
136725,PG0480,Anapa,AAQ,Belgorod,EGO,37.347301483154,45.002101898193,36.5900993347168,50.643798828125,Arrived,2016-12-19T09:25:00Z,2016-12-19T10:15:00Z,2016-12-19T09:30:00Z,2016-12-19T10:19:00Z,50.0,49.0,SU9,Sukhoi Superjet-100,28.3333333333333333,38.8670000000000000,97,92,85,83,12,9,696000.00,525900.00,170100.00
136729,PG0480,Anapa,AAQ,Belgorod,EGO,37.347301483154,45.002101898193,36.5900993347168,50.643798828125,Arrived,2017-01-29T09:25:00Z,2017-01-29T10:15:00Z,2017-01-29T09:29:00Z,2017-01-29T10:19:00Z,50.0,50.0,SU9,Sukhoi Superjet-100,28.3333333333333333,41.4350000000000000,97,88,85,77,12,11,695400.00,487500.00,207900.00
136733,PG0480,Anapa,AAQ,Belgorod,EGO,37.347301483154,45.002101898193,36.5900993347168,50.643798828125,Arrived,2017-01-09T09:25:00Z,2017-01-09T10:15:00Z,2017-01-09T09:27:00Z,2017-01-09T10:18:00Z,50.0,51.0,SU9,Sukhoi Superjet-100,28.3333333333333333,41.4350000000000000,97,94,85,82,12,12,746400.00,519600.00,226800.00
136738,PG0480,Anapa,AAQ,Belgorod,EGO,37.347301483154,45.002101898193,36.5900993347168,50.643798828125,Arrived,2016-12-20T09:25:00Z,2016-12-20T10:15:00Z,2016-12-20T09:27:00Z,2016-12-20T10:16:00Z,50.0,49.0,SU9,Sukhoi Superjet-100,28.3333333333333333,38.8670000000000000,97,87,85,76,12,11,689700.00,481800.00,207900.00
136742,PG0480,Anapa,AAQ,Belgorod,EGO,37.347301483154,45.002101898193,36.5900993347168,50.643798828125,Arrived,2016-12-18T09:25:00Z,2016-12-18T10:15:00Z,2016-12-18T09:27:00Z,2016-12-18T10:17:00Z,50.0,50.0,SU9,Sukhoi Superjet-100,28.3333333333333333,38.8670000000000000,97,97,85,85,12,12,765300.00,538500.00,226800.00
136754,PG0480,Anapa,AAQ,Belgorod,EGO,37.347301483154,45.002101898193,36.5900993347168,50.643798828125,Arrived,2017-02-06T09:25:00Z,2017-02-06T10:15:00Z,2017-02-06T09:29:00Z,2017-02-06T10:18:00Z,50.0,49.0,SU9,Sukhoi Superjet-100,28.3333333333333333,39.5530000000000000,97,90,85,78,12,12,721200.00,494400.00,226800.00
136755,PG0480,Anapa,AAQ,Belgorod,EGO,37.347301483154,45.002101898193,36.5900993347168,50.643798828125,Arrived,2017-01-21T09:25:00Z,2017-01-21T10:15:00Z,2017-01-21T09:30:00Z,2017-01-21T10:20:00Z,50.0,50.0,SU9,Sukhoi Superjet-100,28.3333333333333333,41.4350000000000000,97,97,85,85,12,12,765300.00,538500.00,226800.00
136757,PG0480,Anapa,AAQ,Belgorod,EGO,37.347301483154,45.002101898193,36.5900993347168,50.643798828125,Arrived,2017-01-27T09:25:00Z,2017-01-27T10:15:00Z,2017-01-27T09:30:00Z,2017-01-27T10:19:00Z,50.0,49.0,SU9,Sukhoi Superjet-100,28.3333333333333333,41.4350000000000000,97,97,85,85,12,12,765300.00,538500.00,226800.00
136758,PG0480,Anapa,AAQ,Belgorod,EGO,37.347301483154,45.002101898193,36.5900993347168,50.643798828125,Arrived,2017-01-12T09:25:00Z,2017-01-12T10:15:00Z,2017-01-12T09:26:00Z,2017-01-12T10:15:00Z,50.0,49.0,SU9,Sukhoi Superjet-100,28.3333333333333333,41.4350000000000000,97,97,85,85,12,12,765300.00,538500.00,226800.00
136767,PG0480,Anapa,AAQ,Belgorod,EGO,37.347301483154,45.002101898193,36.5900993347168,50.643798828125,Arrived,2017-01-23T09:25:00Z,2017-01-23T10:15:00Z,2017-01-23T09:27:00Z,2017-01-23T10:18:00Z,50.0,51.0,SU9,Sukhoi Superjet-100,28.3333333333333333,41.4350000000000000,97,83,85,73,12,10,651300.00,462300.00,189000.00
136768,PG0480,Anapa,AAQ,Belgorod,EGO,37.347301483154,45.002101898193,36.5900993347168,50.643798828125,Arrived,2016-12-08T09:25:00Z,2016-12-08T10:15:00Z,2016-12-08T09:27:00Z,2016-12-08T10:17:00Z,50.0,50.0,SU9,Sukhoi Superjet-100,28.3333333333333333,38.8670000000000000,97,97,85,85,12,12,765300.00,538500.00,226800.00
136769,PG0480,Anapa,AAQ,Belgorod,EGO,37.347301483154,45.002101898193,36.5900993347168,50.643798828125,Arrived,2017-02-10T09:25:00Z,2017-02-10T10:15:00Z,2017-02-10T09:30:00Z,2017-02-10T10:21:00Z,50.0,51.0,SU9,Sukhoi Superjet-100,28.3333333333333333,39.5530000000000000,97,88,85,77,12,11,696000.00,488100.00,207900.00
136771,PG0480,Anapa,AAQ,Belgorod,EGO,37.347301483154,45.002101898193,36.5900993347168,50.643798828125,Arrived,2016-12-17T09:25:00Z,2016-12-17T10:15:00Z,2016-12-17T09:26:00Z,2016-12-17T10:15:00Z,50.0,49.0,SU9,Sukhoi Superjet-100,28.3333333333333333,38.8670000000000000,97,82,85,71,12,11,657000.00,449100.00,207900.00
136774,PG0480,Anapa,AAQ,Belgorod,EGO,37.347301483154,45.002101898193,36.5900993347168,50.643798828125,Arrived,2016-12-02T09:25:00Z,2016-12-02T10:15:00Z,2016-12-02T09:27:00Z,2016-12-02T10:17:00Z,50.0,50.0,SU9,Sukhoi Superjet-100,28.3333333333333333,38.8670000000000000,97,93,85,81,12,12,740100.00,513300.00,226800.00
136778,PG0480,Anapa,AAQ,Belgorod,EGO,37.347301483154,45.002101898193,36.5900993347168,50.643798828125,Arrived,2017-02-22T09:25:00Z,2017-02-22T10:15:00Z,2017-02-22T09:26:00Z,2017-02-22T10:16:00Z,50.0,50.0,SU9,Sukhoi Superjet-100,28.3333333333333333,39.5530000000000000,97,96,85,84,12,12,759000.00,532200.00,226800.00
136780,PG0480,Anapa,AAQ,Belgorod,EGO,37.347301483154,45.002101898193,36.5900993347168,50.643798828125,Arrived,2017-02-24T09:25:00Z,2017-02-24T10:15:00Z,2017-02-24T09:30:00Z,2017-02-24T10:20:00Z,50.0,50.0,SU9,Sukhoi Superjet-100,28.3333333333333333,39.5530000000000000,97,89,85,77,12,12,714900.00,488100.00,226800.00
136781,PG0480,Anapa,AAQ,Belgorod,EGO,37.347301483154,45.002101898193,36.5900993347168,50.643798828125,Arrived,2017-01-14T09:25:00Z,2017-01-14T10:15:00Z,2017-01-14T09:26:00Z,2017-01-14T10:16:00Z,50.0,50.0,SU9,Sukhoi Superjet-100,28.3333333333333333,41.4350000000000000,97,97,85,85,12,12,765300.00,538500.00,226800.00
136785,PG0480,Anapa,AAQ,Belgorod,EGO,37.347301483154,45.002101898193,36.5900993347168,50.643798828125,Arrived,2016-12-29T09:25:00Z,2016-12-29T10:15:00Z,2016-12-29T09:28:00Z,2016-12-29T10:19:00Z,50.0,51.0,SU9,Sukhoi Superjet-100,28.3333333333333333,38.8670000000000000,97,97,85,85,12,12,765300.00,538500.00,226800.00
136793,PG0480,Anapa,AAQ,Belgorod,EGO,37.347301483154,45.002101898193,36.5900993347168,50.643798828125,Arrived,2016-12-06T09:25:00Z,2016-12-06T10:15:00Z,2016-12-06T09:31:00Z,2016-12-06T10:21:00Z,50.0,50.0,SU9,Sukhoi Superjet-100,28.3333333333333333,38.8670000000000000,97,97,85,85,12,12,765300.00,538500.00,226800.00
136800,PG0480,Anapa,AAQ,Belgorod,EGO,37.347301483154,45.002101898193,36.5900993347168,50.643798828125,Arrived,2016-12-09T09:25:00Z,2016-12-09T10:15:00Z,2016-12-09T09:27:00Z,2016-12-09T10:18:00Z,50.0,51.0,SU9,Sukhoi Superjet-100,28.3333333333333333,38.8670000000000000,97,82,85,72,12,10,645000.00,456000.00,189000.00
136801,PG0480,Anapa,AAQ,Belgorod,EGO,37.347301483154,45.002101898193,36.5900993347168,50.643798828125,Arrived,2016-12-30T09:25:00Z,2016-12-30T10:15:00Z,2016-12-30T09:28:00Z,2016-12-30T10:18:00Z,50.0,50.0,SU9,Sukhoi Superjet-100,28.3333333333333333,38.8670000000000000,97,97,85,85,12,12,765300.00,538500.00,226800.00
136802,PG0480,Anapa,AAQ,Belgorod,EGO,37.347301483154,45.002101898193,36.5900993347168,50.643798828125,Arrived,2017-02-26T09:25:00Z,2017-02-26T10:15:00Z,2017-02-26T09:32:00Z,2017-02-26T10:22:00Z,50.0,50.0,SU9,Sukhoi Superjet-100,28.3333333333333333,39.5530000000000000,97,96,85,85,12,11,746400.00,538500.00,207900.00
136805,PG0480,Anapa,AAQ,Belgorod,EGO,37.347301483154,45.002101898193,36.5900993347168,50.643798828125,Arrived,2016-12-07T09:25:00Z,2016-12-07T10:15:00Z,2016-12-07T09:28:00Z,2016-12-07T10:18:00Z,50.0,50.0,SU9,Sukhoi Superjet-100,28.3333333333333333,38.8670000000000000,97,96,85,85,12,11,746400.00,538500.00,207900.00
136807,PG0480,Anapa,AAQ,Belgorod,EGO,37.347301483154,45.002101898193,36.5900993347168,50.643798828125,Arrived,2017-02-23T09:25:00Z,2017-02-23T10:15:00Z,2017-02-23T09:28:00Z,2017-02-23T10:18:00Z,50.0,50.0,SU9,Sukhoi Superjet-100,28.3333333333333333,39.5530000000000000,97,68,85,60,12,8,531000.00,379800.00,151200.00
136815,PG0480,Anapa,AAQ,Belgorod,EGO,37.347301483154,45.002101898193,36.5900993347168,50.643798828125,Arrived,2017-02-19T09:25:00Z,2017-02-19T10:15:00Z,2017-02-19T09:26:00Z,2017-02-19T10:17:00Z,50.0,51.0,SU9,Sukhoi Superjet-100,28.3333333333333333,39.5530000000000000,97,97,85,85,12,12,765300.00,538500.00,226800.00
136819,PG0480,Anapa,AAQ,Belgorod,EGO,37.347301483154,45.002101898193,36.5900993347168,50.643798828125,Arrived,2017-01-04T09:25:00Z,2017-01-04T10:15:00Z,2017-01-04T09:29:00Z,2017-01-04T10:19:00Z,50.0,50.0,SU9,Sukhoi Superjet-100,28.3333333333333333,41.4350000000000000,97,96,85,84,12,12,759000.00,532200.00,226800.00
136823,PG0480,Anapa,AAQ,Belgorod,EGO,37.347301483154,45.002101898193,36.5900993347168,50.643798828125,Arrived,2017-02-05T09:25:00Z,2017-02-05T10:15:00Z,2017-02-05T09:27:00Z,2017-02-05T10:18:00Z,50.0,51.0,SU9,Sukhoi Superjet-100,28.3333333333333333,39.5530000000000000,97,78,85,68,12,10,620400.00,431400.00,189000.00
136827,PG0480,Anapa,AAQ,Belgorod,EGO,37.347301483154,45.002101898193,36.5900993347168,50.643798828125,Arrived,2017-02-18T09:25:00Z,2017-02-18T10:15:00Z,2017-02-18T09:26:00Z,2017-02-18T10:17:00Z,50.0,51.0,SU9,Sukhoi Superjet-100,28.3333333333333333,39.5530000000000000,97,97,85,85,12,12,765300.00,538500.00,226800.00
136838,PG0480,Anapa,AAQ,Belgorod,EGO,37.347301483154,45.002101898193,36.5900993347168,50.643798828125,Arrived,2017-01-24T09:25:00Z,2017-01-24T10:15:00Z,2017-01-24T09:30:00Z,2017-01-24T10:21:00Z,50.0,51.0,SU9,Sukhoi Superjet-100,28.3333333333333333,41.4350000000000000,97,86,85,76,12,10,670200.00,481200.00,189000.00
136841,PG0480,Anapa,AAQ,Belgorod,EGO,37.347301483154,45.002101898193,36.5900993347168,50.643798828125,Arrived,2017-02-07T09:25:00Z,2017-02-07T10:15:00Z,2017-02-07T09:25:00Z,2017-02-07T10:16:00Z,50.0,51.0,SU9,Sukhoi Superjet-100,28.3333333333333333,39.5530000000000000,97,97,85,85,12,12,765300.00,538500.00,226800.00
136843,PG0480,Anapa,AAQ,Belgorod,EGO,37.347301483154,45.002101898193,36.5900993347168,50.643798828125,Arrived,2016-12-04T09:25:00Z,2016-12-04T10:15:00Z,2016-12-04T09:30:00Z,2016-12-04T10:20:00Z,50.0,50.0,SU9,Sukhoi Superjet-100,28.3333333333333333,38.8670000000000000,97,78,85,67,12,11,632400.00,424500.00,207900.00
136844,PG0480,Anapa,AAQ,Belgorod,EGO,37.347301483154,45.002101898193,36.5900993347168,50.643798828125,Arrived,2017-02-28T09:25:00Z,2017-02-28T10:15:00Z,2017-02-28T09:26:00Z,2017-02-28T10:16:00Z,50.0,50.0,SU9,Sukhoi Superjet-100,28.3333333333333333,39.5530000000000000,97,79,85,73,12,6,575100.00,461700.00,113400.00
136855,PG0480,Anapa,AAQ,Belgorod,EGO,37.347301483154,45.002101898193,36.5900993347168,50.643798828125,Arrived,2017-01-11T09:25:00Z,2017-01-11T10:15:00Z,2017-01-11T12:07:00Z,2017-01-11T12:57:00Z,50.0,50.0,SU9,Sukhoi Superjet-100,28.3333333333333333,41.4350000000000000,97,87,85,75,12,12,702300.00,475500.00,226800.00
136857,PG0480,Anapa,AAQ,Belgorod,EGO,37.347301483154,45.002101898193,36.5900993347168,50.643798828125,Arrived,2017-02-13T09:25:00Z,2017-02-13T10:15:00Z,2017-02-13T09:31:00Z,2017-02-13T10:21:00Z,50.0,50.0,SU9,Sukhoi Superjet-100,28.3333333333333333,39.5530000000000000,97,97,85,85,12,12,765300.00,538500.00,226800.00
136861,PG0480,Anapa,AAQ,Belgorod,EGO,37.347301483154,45.002101898193,36.5900993347168,50.643798828125,Arrived,2017-02-12T09:25:00Z,2017-02-12T10:15:00Z,2017-02-12T09:28:00Z,2017-02-12T10:17:00Z,50.0,49.0,SU9,Sukhoi Superjet-100,28.3333333333333333,39.5530000000000000,97,87,85,76,12,11,689100.00,481200.00,207900.00
136865,PG0480,Anapa,AAQ,Belgorod,EGO,37.347301483154,45.002101898193,36.5900993347168,50.643798828125,Arrived,2016-12-11T09:25:00Z,2016-12-11T10:15:00Z,2016-12-11T09:29:00Z,2016-12-11T10:19:00Z,50.0,50.0,SU9,Sukhoi Superjet-100,28.3333333333333333,38.8670000000000000,97,88,85,77,12,11,695400.00,487500.00,207900.00
136866,PG0480,Anapa,AAQ,Belgorod,EGO,37.347301483154,45.002101898193,36.5900993347168,50.643798828125,Arrived,2016-12-28T09:25:00Z,2016-12-28T10:15:00Z,2016-12-28T09:28:00Z,2016-12-28T10:18:00Z,50.0,50.0,SU9,Sukhoi Superjet-100,28.3333333333333333,38.8670000000000000,97,94,85,83,12,11,733800.00,525900.00,207900.00
136869,PG0480,Anapa,AAQ,Belgorod,EGO,37.347301483154,45.002101898193,36.5900993347168,50.643798828125,Arrived,2017-01-31T09:25:00Z,2017-01-31T10:15:00Z,2017-01-31T09:26:00Z,2017-01-31T10:16:00Z,50.0,50.0,SU9,Sukhoi Superjet-100,28.3333333333333333,41.4350000000000000,97,97,85,85,12,12,765300.00,538500.00,226800.00
136871,PG0480,Anapa,AAQ,Belgorod,EGO,37.347301483154,45.002101898193,36.5900993347168,50.643798828125,Arrived,2017-01-13T09:25:00Z,2017-01-13T10:15:00Z,2017-01-13T09:28:00Z,2017-01-13T10:18:00Z,50.0,50.0,SU9,Sukhoi Superjet-100,28.3333333333333333,41.4350000000000000,97,97,85,85,12,12,765300.00,538500.00,226800.00
136872,PG0480,Anapa,AAQ,Belgorod,EGO,37.347301483154,45.002101898193,36.5900993347168,50.643798828125,Arrived,2016-12-14T09:25:00Z,2016-12-14T10:15:00Z,2016-12-14T09:26:00Z,2016-12-14T10:16:00Z,50.0,50.0,SU9,Sukhoi Superjet-100,28.3333333333333333,38.8670000000000000,97,97,85,85,12,12,765300.00,538500.00,226800.00
136873,PG0480,Anapa,AAQ,Belgorod,EGO,37.347301483154,45.002101898193,36.5900993347168,50.643798828125,Arrived,2016-12-03T09:25:00Z,2016-12-03T10:15:00Z,2016-12-03T09:26:00Z,2016-12-03T10:17:00Z,50.0,51.0,SU9,Sukhoi Superjet-100,28.3333333333333333,38.8670000000000000,97,96,85,84,12,12,759000.00,532200.00,226800.00
136875,PG0480,Anapa,AAQ,Belgorod,EGO,37.347301483154,45.002101898193,36.5900993347168,50.643798828125,Arrived,2017-02-16T09:25:00Z,2017-02-16T10:15:00Z,2017-02-16T09:29:00Z,2017-02-16T10:19:00Z,50.0,50.0,SU9,Sukhoi Superjet-100,28.3333333333333333,39.5530000000000000,97,97,85,85,12,12,765300.00,538500.00,226800.00
136886,PG0480,Anapa,AAQ,Belgorod,EGO,37.347301483154,45.002101898193,36.5900993347168,50.643798828125,Arrived,2016-12-16T09:25:00Z,2016-12-16T10:15:00Z,2016-12-16T09:26:00Z,2016-12-16T10:16:00Z,50.0,50.0,SU9,Sukhoi Superjet-100,28.3333333333333333,38.8670000000000000,97,90,85,78,12,12,721200.00,494400.00,226800.00
136887,PG0480,Anapa,AAQ,Belgorod,EGO,37.347301483154,45.002101898193,36.5900993347168,50.643798828125,Arrived,2017-01-20T09:25:00Z,2017-01-20T10:15:00Z,2017-01-20T09:30:00Z,2017-01-20T10:19:00Z,50.0,49.0,SU9,Sukhoi Superjet-100,28.3333333333333333,41.4350000000000000,97,78,85,70,12,8,595200.00,444000.00,151200.00
136888,PG0480,Anapa,AAQ,Belgorod,EGO,37.347301483154,45.002101898193,36.5900993347168,50.643798828125,Arrived,2017-02-14T09:25:00Z,2017-02-14T10:15:00Z,2017-02-14T09:29:00Z,2017-02-14T10:19:00Z,50.0,50.0,SU9,Sukhoi Superjet-100,28.3333333333333333,39.5530000000000000,97,79,85,69,12,10,626100.00,437100.00,189000.00
136900,PG0480,Anapa,AAQ,Belgorod,EGO,37.347301483154,45.002101898193,36.5900993347168,50.643798828125,Arrived,2017-02-01T09:25:00Z,2017-02-01T10:15:00Z,2017-02-01T09:30:00Z,2017-02-01T10:21:00Z,50.0,51.0,SU9,Sukhoi Superjet-100,28.3333333333333333,39.5530000000000000,97,97,85,85,12,12,765300.00,538500.00,226800.00
136907,PG0480,Anapa,AAQ,Belgorod,EGO,37.347301483154,45.002101898193,36.5900993347168,50.643798828125,Arrived,2017-01-16T09:25:00Z,2017-01-16T10:15:00Z,2017-01-16T09:31:00Z,2017-01-16T10:22:00Z,50.0,51.0,SU9,Sukhoi Superjet-100,28.3333333333333333,41.4350000000000000,97,96,85,84,12,12,759000.00,532200.00,226800.00
136911,PG0480,Anapa,AAQ,Belgorod,EGO,37.347301483154,45.002101898193,36.5900993347168,50.643798828125,Arrived,2016-12-12T09:25:00Z,2016-12-12T10:15:00Z,2016-12-12T13:05:00Z,2016-12-12T13:55:00Z,50.0,50.0,SU9,Sukhoi Superjet-100,28.3333333333333333,38.8670000000000000,97,87,85,77,12,10,676500.00,487500.00,189000.00
136913,PG0480,Anapa,AAQ,Belgorod,EGO,37.347301483154,45.002101898193,36.5900993347168,50.643798828125,Arrived,2016-12-10T09:25:00Z,2016-12-10T10:15:00Z,2016-12-10T09:30:00Z,2016-12-10T10:19:00Z,50.0,49.0,SU9,Sukhoi Superjet-100,28.3333333333333333,38.8670000000000000,97,90,85,80,12,10,695400.00,506400.00,189000.00
136922,PG0480,Anapa,AAQ,Belgorod,EGO,37.347301483154,45.002101898193,36.5900993347168,50.643798828125,Arrived,2017-02-11T09:25:00Z,2017-02-11T10:15:00Z,2017-02-11T09:27:00Z,2017-02-11T10:17:00Z,50.0,50.0,SU9,Sukhoi Superjet-100,28.3333333333333333,39.5530000000000000,97,76,85,66,12,10,607800.00,418800.00,189000.00
136927,PG0480,Anapa,AAQ,Belgorod,EGO,37.347301483154,45.002101898193,36.5900993347168,50.643798828125,Arrived,2017-01-22T09:25:00Z,2017-01-22T10:15:00Z,2017-01-22T09:28:00Z,2017-01-22T10:19:00Z,50.0,51.0,SU9,Sukhoi Superjet-100,28.3333333333333333,41.4350000000000000,97,97,85,85,12,12,765300.00,538500.00,226800.00
136929,PG0480,Anapa,AAQ,Belgorod,EGO,37.347301483154,45.002101898193,36.5900993347168,50.643798828125,Arrived,2016-12-31T09:25:00Z,2016-12-31T10:15:00Z,2016-12-31T09:25:00Z,2016-12-31T10:15:00Z,50.0,50.0,SU9,Sukhoi Superjet-100,28.3333333333333333,38.8670000000000000,97,82,85,73,12,9,631800.00,461700.00,170100.00
136936,PG0480,Anapa,AAQ,Belgorod,EGO,37.347301483154,45.002101898193,36.5900993347168,50.643798828125,Arrived,2017-01-02T09:25:00Z,2017-01-02T10:15:00Z,2017-01-02T09:28:00Z,2017-01-02T10:18:00Z,50.0,50.0,SU9,Sukhoi Superjet-100,28.3333333333333333,41.4350000000000000,97,82,85,73,12,9,632400.00,462300.00,170100.00
136937,PG0480,Anapa,AAQ,Belgorod,EGO,37.347301483154,45.002101898193,36.5900993347168,50.643798828125,Arrived,2017-01-03T09:25:00Z,2017-01-03T10:15:00Z,2017-01-03T09:29:00Z,2017-01-03T10:19:00Z,50.0,50.0,SU9,Sukhoi Superjet-100,28.3333333333333333,41.4350000000000000,97,81,85,72,12,9,626100.00,456000.00,170100.00
136943,PG0480,Anapa,AAQ,Belgorod,EGO,37.347301483154,45.002101898193,36.5900993347168,50.643798828125,Arrived,2016-12-05T09:25:00Z,2016-12-05T10:15:00Z,2016-12-05T09:28:00Z,2016-12-05T10:18:00Z,50.0,50.0,SU9,Sukhoi Superjet-100,28.3333333333333333,38.8670000000000000,97,94,85,83,12,11,733800.00,525900.00,207900.00
136951,PG0480,Anapa,AAQ,Belgorod,EGO,37.347301483154,45.002101898193,36.5900993347168,50.643798828125,Arrived,2017-02-02T09:25:00Z,2017-02-02T10:15:00Z,2017-02-02T09:28:00Z,2017-02-02T10:17:00Z,50.0,49.0,SU9,Sukhoi Superjet-100,28.3333333333333333,39.5530000000000000,97,90,85,78,12,12,720600.00,493800.00,226800.00
136953,PG0480,Anapa,AAQ,Belgorod,EGO,37.347301483154,45.002101898193,36.5900993347168,50.643798828125,Arrived,2017-02-27T09:25:00Z,2017-02-27T10:15:00Z,2017-02-27T09:27:00Z,2017-02-27T10:17:00Z,50.0,50.0,SU9,Sukhoi Superjet-100,28.3333333333333333,39.5530000000000000,97,97,85,85,12,12,765300.00,538500.00,226800.00
136956,PG0480,Anapa,AAQ,Belgorod,EGO,37.347301483154,45.002101898193,36.5900993347168,50.643798828125,Arrived,2017-02-04T09:25:00Z,2017-02-04T10:15:00Z,2017-02-04T09:33:00Z,2017-02-04T10:23:00Z,50.0,50.0,SU9,Sukhoi Superjet-100,28.3333333333333333,39.5530000000000000,97,96,85,85,12,11,746400.00,538500.00,207900.00
136961,PG0480,Anapa,AAQ,Belgorod,EGO,37.347301483154,45.002101898193,36.5900993347168,50.643798828125,Arrived,2016-12-21T09:25:00Z,2016-12-21T10:15:00Z,2016-12-21T09:27:00Z,2016-12-21T10:16:00Z,50.0,49.0,SU9,Sukhoi Superjet-100,28.3333333333333333,38.8670000000000000,97,96,85,84,12,12,759000.00,532200.00,226800.00
